<application>
  <component name="IgnoredPluginSuggestions">
    <option name="pluginIds">
      <list>
        <option value="co.nums.intellij.aem" />
        <option value="de.victorsaar.intellij.aem" />
        <option value="com.intellij.bigdatatools" />
        <option value="com.haulmont.jpab" />
        <option value="com.intellij.spring.websocket" />
        <option value="org.jetbrains.plugins.stylus" />
        <option value="com.intellij.kubernetes" />
      </list>
    </option>
  </component>
</application>