<application>
  <component name="SonarLintGlobalSettings">
    <option name="nodejsPath" value="C:\Users\DELL\AppData\Local\fnm_multishells\8312_1691814751108\node.exe" />
    <option name="rulesByKey">
      <map>
        <entry key="java:S1135">
          <value>
            <Rule active="false" key="java:S1135" />
          </value>
        </entry>
        <entry key="java:S120">
          <value>
            <Rule active="false" key="java:S120" />
          </value>
        </entry>
        <entry key="java:S1220">
          <value>
            <Rule active="false" key="java:S1220" />
          </value>
        </entry>
        <entry key="java:S1488">
          <value>
            <Rule active="false" key="java:S1488" />
          </value>
        </entry>
      </map>
    </option>
    <rules>
      <Rule active="false" key="java:S1488" />
      <Rule active="false" key="java:S120" />
      <Rule active="false" key="java:S1135" />
      <Rule active="false" key="java:S1220" />
    </rules>
  </component>
</application>