<application>
  <component name="UpdatesConfigurable">
    <ignoredBuildNumbers>
      <item value="223.8214.52" />
    </ignoredBuildNumbers>
    <option name="LAST_BUILD_CHECKED" value="IU-232.9559.62" />
    <option name="LAST_TIME_CHECKED" value="1693745204429" />
    <option name="OBSOLETE_CUSTOM_REPOSITORIES_CLEAN_NEEDED" value="false" />
    <pluginHosts>
      <item value="https://plugins.jetbrains.com/plugins/alpha/9188" />
      <item value="https://plugins.zhile.io" />
    </pluginHosts>
    <option name="THIRD_PARTY_PLUGINS_ALLOWED" value="true" />
    <option name="WHATS_NEW_SHOWN_FOR" value="232" />
  </component>
</application>